ID,lineage,cell,MYC
ACH-000001,ovary,NIHOVCAR3,0.899288787
ACH-000002,blood,HL60,3.201463704
ACH-000003,colorectal,CACO2,1.046217375
ACH-000004,blood,HEL,1.252314046
ACH-000005,blood,HEL9217,1.321933194
ACH-000006,blood,MONOMAC6,1.095915083
ACH-000007,colorectal,LS513,0.979669795
ACH-000008,skin,A101D,0.807900845
ACH-000009,colorectal,C2BBE1,0.910024446
ACH-000011,urinary_tract,253J,0.844566062
ACH-000012,lung,HCC827,1.961352531
ACH-000013,ovary,ONCODG1,1.036125264
ACH-000014,skin,HS294T,0.971340445
ACH-000015,lung,NCIH1581,1.369786707
ACH-000016,kidney,SLR21,1.238898284
ACH-000017,breast,SKBR3,3.315498289
ACH-000018,urinary_tract,T24,1.061094724
ACH-000019,breast,MCF7,1.91494075
ACH-000020,blood,MHHCALL2,0.97179717
ACH-000021,lung,NCIH1693,1.021777423
ACH-000022,pancreas,PATU8988S,1.263635429
ACH-000023,pancreas,PATU8988T,1.229587824
ACH-000024,plasma_cell,OPM2,1.186560362
ACH-000025,central_nervous_system,CH157MN,1.299211307
ACH-000026,urinary_tract,253JBV,1.117828477
ACH-000027,central_nervous_system,GOS3,1.081148175
ACH-000028,breast,KPL1,1.50556327
ACH-000029,lung,HCC827GR5,2.509529184
ACH-000030,lung,PC14,1.166654032
ACH-000031,pancreas,PANC0213,1.062851614
ACH-000032,blood,MHHCALL3,0.986959475
ACH-000034,blood,PLB985,2.534203984
ACH-000035,lung,NCIH1650,1.611789688
ACH-000036,central_nervous_system,U343,1.060809909
ACH-000037,soft_tissue,S117,1.01986288
ACH-000038,lymphocyte,EHEB,1.003521287
ACH-000039,bone,SKNMC,1.564193308
ACH-000040,central_nervous_system,U118MG,1.069126652
ACH-000041,bone,RDES,1.22308769
ACH-000042,pancreas,PANC0203,1.709237671
ACH-000043,fibroblast,HS895T,1.003774926
ACH-000044,breast,MDAMB134VI,1.223228318
ACH-000045,blood,MV411,1.247809632
ACH-000046,kidney,ACHN,0.835140419
ACH-000047,gastric,GCIY,3.559600757
ACH-000048,ovary,TOV112D,1.101743508
ACH-000049,engineered_kidney,HEKTE,1.048178528
ACH-000050,plasma_cell,NCIH929,0.677822789
ACH-000051,soft_tissue,TE617T,0.9963616
ACH-000052,bone,A673,1.177289364
ACH-000053,lymphocyte,KARPAS299,1.015214893
ACH-000054,soft_tissue,HT1080,0.995857963
ACH-000055,central_nervous_system,D283MED,1.669879594
ACH-000056,lymphocyte,DOHH2,0.994560294
ACH-000057,plasma_cell,OPM1,1.139995639
ACH-000058,thyroid,ML1,1.44987448
ACH-000059,blood,SUPB15,1.249810785
ACH-000060,pancreas,PANC1005,1.328436748
ACH-000061,lymphocyte,HH,1.236618023
ACH-000062,lung,RERFLCMS,1.508622682
ACH-000063,fibroblast,HS616T,1.007084811
ACH-000064,engineered_lung,SALE,1.009933967
ACH-000065,blood,OCIAML5,1.312867057
ACH-000066,lung,HCC4006,1.092625908
ACH-000067,central_nervous_system,HS683,0.993972146
ACH-000068,lymphocyte,REC1,1.194519104
ACH-000069,lymphocyte,HS611T,1.296305607
ACH-000070,blood,697,1.260690868
ACH-000071,fibroblast,HS706T,0.994610106
ACH-000072,blood,MEG01,2.151780434
ACH-000073,lymphocyte,GRANTA519,1.013141311
ACH-000074,blood,KU812,1.390151313
ACH-000075,central_nervous_system,U87MG,1.01479964
ACH-000076,blood,NCO2,1.35807939
ACH-000077,lymphocyte,MJ,0.999307666
ACH-000078,peripheral_nervous_system,MHHNB11,1.121800128
ACH-000079,fibroblast,TE125T,1.002696014
ACH-000080,blood,BDCM,1.007775843
ACH-000081,blood,GDM1,1.320091375
ACH-000082,bone,G292CLONEA141B1,2.228061146
ACH-000083,fibroblast,HS281T,0.997361417
ACH-000085,pancreas,T3M4,1.112141303
ACH-000086,lung,ACCMESO1,1.268693744
ACH-000087,bone,SKES1,1.250099395
ACH-000088,fibroblast,HS172T,0.999050313
ACH-000089,colorectal,NCIH684,1.021973328
ACH-000090,prostate,PC3,1.553865847
ACH-000091,ovary,OV56,1.341714093
ACH-000092,lung,NCIH2452,1.121124662
ACH-000093,pancreas,PANC0504,1.033565606
ACH-000094,pancreas,HPAFII,1.098137292
ACH-000095,central_nervous_system,D341,4.513161855
ACH-000096,kidney,G401,1.004123376
ACH-000097,breast,ZR751,1.169519994
ACH-000098,central_nervous_system,GAMG,0.999897504
ACH-000099,peripheral_nervous_system,SIMA,1.018763959
ACH-000100,soft_tissue,RH41,0.971091563
ACH-000101,blood,KE37,1.211394633
ACH-000102,central_nervous_system,GMS10,1.289665154
ACH-000103,ovary,CAOV4,3.687399262
ACH-000104,blood,LOUCY,0.985022561
ACH-000105,blood,ALLSIL,1.286748476
ACH-000106,lymphocyte,JVM2,1.001718022
ACH-000107,pancreas,CAPAN2,1.138431915
ACH-000108,pancreas,KP3,1.021457739
ACH-000109,lung,NCIH3255,1.210245048
ACH-000110,gastric,NCCSTCK140,1.432171397
ACH-000111,breast,HCC1187,1.136594269
ACH-000112,blood,SIGM5,1.154389717
ACH-000113,blood,OCIAML2,1.264911962
ACH-000114,pancreas,SU8686,1.181910605
ACH-000115,prostate,VCAP,1.351971621
ACH-000116,ovary,OAW28,1.141643877
ACH-000117,breast,EFM192A,3.481474633
ACH-000118,pancreas,HUPT3,2.361260331
ACH-000119,fibroblast,HS863T,1.000862758
ACH-000120,peripheral_nervous_system,CHP212,0.994452706
ACH-000121,lung,NCIH2405,1.069366383
ACH-000122,blood,SUPT11,1.562914274
ACH-000123,ovary,COV434,1.019557289
ACH-000124,lymphocyte,OCILY19,1.588922547
ACH-000125,fibroblast,TO175T,1.013987658
ACH-000126,central_nervous_system,KG1C,1.216527393
ACH-000127,kidney,SLR20,1.257387592
ACH-000128,central_nervous_system,LN319,0.980779761
ACH-000129,lung,NCIH1341,1.408823932
ACH-000130,blood,NALM19,0.991746743
ACH-000131,fibroblast,HS229T,1.003280722
ACH-000132,ovary,JHOS2,1.382481242
ACH-000133,fibroblast,HS729,1.001626916
ACH-000134,fibroblast,HS274T,0.999148252
ACH-000135,fibroblast,HS940T,1.140006017
ACH-000136,peripheral_nervous_system,CHP126,0.98454765
ACH-000137,central_nervous_system,8MGBA,1.463287152
ACH-000138,pancreas,CFPAC1,0.953848648
ACH-000139,pancreas,PANC0327,1.186046877
ACH-000140,lymphocyte,PFEIFFER,1.291170266
ACH-000141,bile_duct,SNU308,1.00129408
ACH-000142,urinary_tract,CAL29,0.920779575
ACH-000143,lung,HCC2429,1.024011552
ACH-000144,gastric,RERFGC1B,1.058073751
ACH-000145,soft_tissue,SKLMS1,0.871222787
ACH-000146,blood,THP1,1.309486799
ACH-000147,breast,T47D,1.218709384
ACH-000148,breast,HS578T,1.590608009
ACH-000149,peripheral_nervous_system,SKNSH,1.005500948
ACH-000150,lung,HCC2935,0.598525376
ACH-000151,blood,JM1,0.937468318
ACH-000152,central_nervous_system,M059K,0.83340891
ACH-000153,lung,NCIH2052,1.562398325
ACH-000154,fibroblast,HS888T,1.005220411
ACH-000155,pancreas,SW1990,1.062416898
ACH-000156,blood,MHHCALL4,1.014691046
ACH-000157,lymphocyte,A4FUK,1.072180444
ACH-000158,lymphocyte,OCILY3,1.013979076
ACH-000159,kidney,OSRC2,0.756699421
ACH-000160,soft_tissue,BT12,1.01101876
ACH-000161,lung,CORL105,1.165220547
ACH-000162,lymphocyte,GA10,0.993939782
ACH-000163,thyroid,SW579,1.151696981
ACH-000164,pancreas,PANC1,1.062549802
ACH-000165,fibroblast,HS751T,1.00876245
ACH-000166,blood,KASUMI6,0.991249201
ACH-000167,gastric,KE97,1.28112395
ACH-000168,blood,NOMO1,1.270064777
ACH-000169,soft_tissue,RD,1.012817941
ACH-000170,engineered_prostate,PRECLH,1.00571126
ACH-000171,kidney,VMRCRCZ,1.068954465
ACH-000172,soft_tissue,TM87,1.02574621
ACH-000173,uterus,JHUEM3,1.773065918
ACH-000174,thyroid,CAL62,1.184344883
ACH-000175,fibroblast,TE159T,1.0129042
ACH-000176,lung,LOUNH91,0.96906152
ACH-000177,prostate,NCIH660,1.824673278
ACH-000178,pancreas,HS766T,1.233514944
ACH-000179,lung,NCIH1618,1.393531245
ACH-000180,fibroblast,HS839T,0.996821509
ACH-000181,upper_aerodigestive,SCC9,1.422661042
ACH-000182,bile_duct,SNU869,1.047628637
ACH-000183,plasma_cell,L363,1.264113962
ACH-000184,fibroblast,HS343T,1.000737188
ACH-000185,fibroblast,HS737T,1.004005545
ACH-000186,lung,NCIH2444,1.397965142
ACH-000187,lung,CORL311,2.849379772
ACH-000188,upper_aerodigestive,SCC25,1.282758343
ACH-000189,kidney,RCC10RGB,0.988313718
ACH-000190,lymphocyte,HDMYZ,1.584787173
ACH-000191,thyroid,BHT101,3.076978881
ACH-000192,uterus,MFE280,1.191449544
ACH-000193,plasma_cell,KARPAS620,1.041280703
ACH-000194,fibroblast,HS934T,1.002001386
ACH-000195,blood,SET2,1.067352299
ACH-000196,breast,HCC1599,1.776672761
ACH-000197,blood,TALL1,1.043900765
ACH-000198,blood,EOL1,1.316738634
ACH-000199,fibroblast,HS255T,1.00023802
ACH-000200,central_nervous_system,NMCG1,0.967949614
ACH-000201,soft_tissue,A204,1.287541757
ACH-000202,colorectal,COLO320,4.715294506
ACH-000203,peripheral_nervous_system,NH6,0.992131575
ACH-000204,plasma_cell,LP1,1.482205603
ACH-000205,pancreas,PK59,1.154955421
ACH-000206,lymphocyte,C8166,0.987127446
ACH-000207,upper_aerodigestive,DETROIT562,1.387330914
ACH-000208,central_nervous_system,U178,1.054310795
ACH-000209,bile_duct,SNU1079,1.035754357
ACH-000210,bone,CADOES1,1.554569519
ACH-000211,central_nervous_system,DAOY,0.949527977
ACH-000212,breast,CAL120,1.565615945
ACH-000213,pancreas,HUPT4,0.959410066
ACH-000214,fibroblast,HS675T,1.006422231
ACH-000215,central_nervous_system,LN382,1.159826728
ACH-000216,esophagus,JHESOAD1,1.305811137
ACH-000217,liver,JHH6,1.504842359
ACH-000218,blood,PL21,1.147812347
ACH-000219,skin,A375,1.042374079
ACH-000220,lymphocyte,MINO,1.193720845
ACH-000221,liver,SNU398,1.315619621
ACH-000222,pancreas,ASPC1,1.318314018
ACH-000223,breast,HCC1937,1.648596835
ACH-000224,fibroblast,HS819T,1.000365046
ACH-000225,gastric,ECC12,1.468971516
ACH-000226,lymphocyte,SUPM2,1.271116939
ACH-000227,peripheral_nervous_system,KPNYN,0.998742049
ACH-000228,upper_aerodigestive,BICR31,1.354052781
ACH-000229,fibroblast,HS822T,1.000950313
ACH-000230,fibroblast,HS742T,0.99955007
ACH-000231,central_nervous_system,KALS1,1.107969353
ACH-000232,central_nervous_system,U251MG,1.087231504
ACH-000233,lymphocyte,DEL,0.984369105
ACH-000234,kidney,CAKI2,1.120000744
ACH-000235,pancreas,PANC0403,1.072637262
ACH-000236,colorectal,SW1417,1.3135208
ACH-000237,ovary,JHOM1,1.150624993
ACH-000238,upper_aerodigestive,SCC4,1.191559726
ACH-000239,gastric,HUG1N,1.315275656
ACH-000240,fibroblast,HS600T,1.009280157
ACH-000241,blood,JK1,1.304185432
ACH-000242,urinary_tract,RT4,0.989748186
ACH-000243,pancreas,DANG,1.202961109
ACH-000244,central_nervous_system,DKMG,1.017166937
ACH-000245,lymphocyte,BL41,0.984880566
ACH-000246,kidney,SLR23,1.138205445
ACH-000247,gastric,OCUM1,1.237461508
ACH-000248,breast,AU565,2.142288459
ACH-000249,colorectal,CL11,1.013243735
ACH-000250,kidney,KMRC20,0.786536304
ACH-000251,lung,NCIH2887,1.86984463
ACH-000252,colorectal,LS1034,0.868880531
ACH-000253,colorectal,COLO201,1.229186946
ACH-000254,upper_aerodigestive,SCC15,1.503656811
ACH-000255,gastric,LMSU,2.064859005
ACH-000256,ovary,COV318,0.664777965
ACH-000257,lung,CORL279,4.49764836
ACH-000258,breast,DU4475,1.046991216
ACH-000259,peripheral_nervous_system,KELLY,0.953147397
ACH-000260,peripheral_nervous_system,SKNAS,1.252736495
ACH-000261,lung,RERFLCAI,1.139190123
ACH-000262,kidney,UOK101,1.033991744
ACH-000263,blood,KASUMI1,1.327064473
ACH-000264,lung,CALU6,1.139383413
ACH-000265,pancreas,KP4,1.871456118
ACH-000266,pancreas,SNU213,1.221527188
ACH-000267,lymphocyte,HDLM2,1.297225885
ACH-000268,bile_duct,SNU245,1.354700646
ACH-000269,central_nervous_system,AM38,1.137090443
ACH-000270,pancreas,HPAC,1.202693591
ACH-000271,lymphocyte,SUDHL10,0.994604129
ACH-000272,kidney,SLR24,1.053422905
ACH-000273,central_nervous_system,SF539,1.22128674
ACH-000274,skin,HS852T,0.986672632
ACH-000275,fibroblast,HS834T,1.000364546
ACH-000276,breast,HCC38,1.503025728
ACH-000277,breast,HCC1419,2.274249167
ACH-000278,ovary,COV362,1.778143885
ACH-000279,bone,EWS502,1.461366955
ACH-000280,ovary,SNU840,1.42245791
ACH-000281,pancreas,KP2,0.800574219
ACH-000282,lung,NCIH1755,1.297230036
ACH-000283,central_nervous_system,A1207,1.070282724
ACH-000284,fibroblast,HS840T,1.010031636
ACH-000285,lymphocyte,TOLEDO,1.225839218
ACH-000286,colorectal,SNU1033,1.503970143
ACH-000287,lymphocyte,NUDUL1,0.993642072
ACH-000288,breast,BT549,1.362647877
ACH-000289,central_nervous_system,SNU466,1.02724245
ACH-000290,lung,NCIH209,1.359243987
ACH-000291,ovary,OV90,1.075570101
ACH-000292,lung,NCIH841,0.883789715
ACH-000293,uterus,KLE,0.818715638
ACH-000294,blood,NB4,1.745608754
ACH-000295,blood,EM2,1.229402572
ACH-000296,colorectal,OUMS23,1.129851204
ACH-000297,lung,NCIH889,1.061035361
ACH-000298,lung,NCIH2029,1.358852264
ACH-000299,blood,HNT34,1.30664501
ACH-000300,kidney,SLR25,1.108227751
ACH-000301,blood,LAMA84,1.323743555
ACH-000302,uterus,SNU1077,1.747344027
ACH-000303,gastric,SNU5,1.236970919
ACH-000304,skin,WM115,1.020848498
ACH-000305,esophagus,ECGI10,1.430711561
ACH-000306,fibroblast,HS688AT,1.013512695
ACH-000307,pancreas,PK1,1.115563147
ACH-000308,ovary,EFO21,1.305125225
ACH-000309,lung,SKLU1,1.188910988
ACH-000310,peripheral_nervous_system,IMR32,0.931126759
ACH-000311,lung,NCIH2122,3.548920518
ACH-000312,peripheral_nervous_system,SKNBE2,1.055359501
ACH-000313,kidney,KMRC3,1.013864486
ACH-000314,lung,HCC2108,1.576582716
ACH-000315,lymphocyte,KARPAS422,1.012949097
ACH-000316,liver,SNU886,1.025810835
ACH-000317,kidney,TUHR14TKB,1.048893421
ACH-000318,esophagus,TE10,1.465858185
ACH-000319,lung,MPP89,1.211706004
ACH-000320,pancreas,PSN1,4.077167731
ACH-000321,blood,MOLM6,1.250825743
ACH-000322,skin,HT144,0.977823607
ACH-000323,central_nervous_system,42MGBA,1.231914432
ACH-000324,ovary,JHOC5,1.219042487
ACH-000325,gastric,SNU620,1.364041075
ACH-000326,blood,JURLMK1,3.190604751
ACH-000327,lung,NCIH1395,1.219801312
ACH-000328,central_nervous_system,LN215,1.107777457
ACH-000329,central_nervous_system,CCFSTTG1,1.005608861
ACH-000330,breast,EFM19,1.222747026
ACH-000331,lung,ISTMES2,1.614779132
ACH-000332,pancreas,YAPC,1.321744202
ACH-000333,ovary,JHOM2B,1.315540055
ACH-000334,lymphocyte,DB,1.35807817
ACH-000335,lung,MSTO211H,3.727788392
ACH-000336,blood,OCIAML3,1.240734093
ACH-000337,lung,NCIH3122,1.255638604
ACH-000338,lymphocyte,SR786,1.115420453
ACH-000339,lung,HCC461,0.884988125
ACH-000340,fibroblast,HS870T,1.011143205
ACH-000341,peripheral_nervous_system,SKNFI,0.88521098
ACH-000342,colorectal,CL14,0.634363629
ACH-000343,lung,NCIH522,1.027085069
ACH-000344,gastric,SNU668,1.764082059
ACH-000345,peripheral_nervous_system,KPNRTBM1,1.009331988
ACH-000346,blood,JVM3,0.918641845
ACH-000347,pancreas,QGP1,1.120167044
ACH-000348,skin,RPMI7951,1.113986113
ACH-000349,breast,HCC1500,1.332400793
ACH-000350,colorectal,COLO678,0.889338374
ACH-000351,gastric,MKN1,1.617522152
ACH-000352,breast,HCC1428,1.816189205
ACH-000353,esophagus,TE15,0.822680423
ACH-000354,pancreas,CAPAN1,1.525953493
ACH-000355,lung,NCIH82,5.146236546
ACH-000356,gastric,MKN45,1.103088785
ACH-000357,lymphocyte,JEKO1,1.187543445
ACH-000358,lung,NCIH69,1.076848668
ACH-000359,bone,MG63,2.636934045
ACH-000360,colorectal,NCIH508,1.007908056
ACH-000361,liver,SKHEP1,0.920975377
ACH-000362,blood,MOLM13,1.78003877
ACH-000363,plasma_cell,SKMM2,1.0552132
ACH-000364,bone,U2OS,1.529156468
ACH-000365,lymphocyte,SUDHL4,0.975291774
ACH-000366,peripheral_nervous_system,SKNDZ,0.930503934
ACH-000367,lung,NCIH226,1.059811125
ACH-000368,central_nervous_system,SNU1105,1.02653309
ACH-000369,blood,MOLM16,0.954516867
ACH-000370,central_nervous_system,SNU626,1.17170249
ACH-000371,lymphocyte,RL,0.948660783
ACH-000372,blood,P12ICHIKAWA,1.019941949
ACH-000373,blood,SKM1,1.896240365
ACH-000374,breast,HCC1143,1.72524122
ACH-000375,soft_tissue,G402,1.004873203
ACH-000376,central_nervous_system,SF295,1.002848306
ACH-000377,bile_duct,SNU478,5.490847344
ACH-000378,lung,NCIH647,2.709927696
ACH-000379,lung,NCIH1781,1.889280369
ACH-000380,plasma_cell,KMS12BM,1.501633994
ACH-000381,colorectal,T84,0.966352757
ACH-000382,lung,CORL24,1.047348345
ACH-000383,esophagus,OE33,1.377249873
ACH-000384,urinary_tract,SW780,1.029541394
ACH-000385,kidney,SKRC20,1.487301492
ACH-000386,blood,KG1,1.557580096
ACH-000387,blood,TF1,1.212263532
ACH-000388,lymphocyte,NUDHL1,1.30660867
ACH-000389,central_nervous_system,H4,0.974421351
ACH-000390,lung,LUDLU1,1.292637405
ACH-000391,bone,MHHES1,1.142289717
ACH-000392,lung,CALU3,1.429889528
ACH-000393,liver,HLF,0.822415777
ACH-000394,lung,NCIH2081,2.115792155
ACH-000395,lung,NCIH520,1.173868138
ACH-000396,urinary_tract,J82,1.187052679
ACH-000397,uterus,TEN,1.068618519
ACH-000398,lymphocyte,RI1,0.96474166
ACH-000399,lung,NCIH2196,1.060852081
ACH-000400,colorectal,SKCO1,1.474732594
ACH-000401,skin,COLO800,0.953871868
ACH-000402,lymphocyte,BL70,0.997520135
ACH-000403,colorectal,NCIH747,0.890035221
ACH-000404,skin,K029AX,1.031192073
ACH-000405,blood,MEC1,1.000965323
ACH-000406,blood,U937,1.148552138
ACH-000407,uterus,SNU685,3.181884065
ACH-000408,esophagus,TE5,1.385707471
ACH-000409,ovary,OVSAHO,1.355372456
ACH-000410,bone,SAOS2,1.594945692
ACH-000411,kidney,769P,1.260258001
ACH-000412,colorectal,SNU1197,1.020183743
ACH-000413,fibroblast,HS739T,1.005008664
ACH-000414,lung,NCIH1944,1.504550293
ACH-000415,upper_aerodigestive,BICR6,1.050672794
ACH-000416,lung,NCIH838,1.255287595
ACH-000417,pancreas,PANC0813,1.630585751
ACH-000418,bone,SW1353,0.988245281
ACH-000419,plasma_cell,KMS28BM,1.389076032
ACH-000420,liver,SNU449,1.270908454
ACH-000421,colorectal,SW837,1.025793025
ACH-000422,liver,SNU475,1.245484346
ACH-000423,skin,SKMEL3,1.050647966
ACH-000424,bone,TC71,2.528586806
ACH-000425,skin,UACC62,1.04224238
ACH-000426,plasma_cell,KMS20,1.027661197
ACH-000427,gastric,NCIN87,1.337796682
ACH-000428,kidney,UO31,1.150916289
ACH-000429,kidney,A704,1.192788476
ACH-000430,ovary,TYKNU,1.17634801
ACH-000431,lung,NCIH1694,1.124074909
ACH-000432,blood,BV173,1.769189327
ACH-000433,kidney,CAKI1,1.361246374
ACH-000434,lung,NCIH1915,1.008903807
ACH-000435,uterus,EFE184,1.092598822
ACH-000436,plasma_cell,OCIMY7,1.264069021
ACH-000437,central_nervous_system,SW1088,0.944955384
ACH-000438,lung,LU65,3.021408492
ACH-000439,blood,ME1,1.302350497
ACH-000440,lymphocyte,CA46,0.988570635
ACH-000441,skin,SH4,1.469432104
ACH-000442,lung,RERFLCSQ1,1.182202547
ACH-000443,ovary,OVKATE,1.316869723
ACH-000444,lung,LU99,1.63980414
ACH-000445,central_nervous_system,KNS60,1.12695167
ACH-000446,peripheral_nervous_system,KPNSI9S,1.234387564
ACH-000447,lung,NCIH2228,1.133883641
ACH-000448,lung,NCIH1666,1.325823493
ACH-000449,soft_tissue,MESSA,1.005884452
ACH-000450,skin,MELHO,0.937365584
ACH-000451,lung,NCIH2085,1.023442417
ACH-000452,esophagus,TE8,2.648547005
ACH-000453,plasma_cell,MOLP2,0.953399322
ACH-000454,lung,HCC95,1.080265637
ACH-000455,central_nervous_system,LN428,1.221456935
ACH-000456,thyroid,BCPAP,0.99442083
ACH-000457,kidney,CAL54,1.110630835
ACH-000458,skin,CJM,1.317395353
ACH-000459,kidney,TUHR10TKB,1.054274503
ACH-000460,ovary,SNU8,0.944607508
ACH-000461,bile_duct,SNU1196,1.503736435
ACH-000462,blood,NALM1,1.019733642
ACH-000463,lung,NCIH460,2.80270917
ACH-000464,central_nervous_system,CAS1,1.066214037
ACH-000465,skin,SKMEL1,1.028835534
ACH-000466,gastric,SNU216,1.659279146
ACH-000467,colorectal,HCC56,0.838453159
ACH-000468,pancreas,PK45H,1.449383853
ACH-000469,central_nervous_system,YH13,1.007861805
ACH-000470,colorectal,SW1463,1.372194201
ACH-000471,liver,LI7,1.325116139
ACH-000472,upper_aerodigestive,HSC2,0.802674158
ACH-000473,urinary_tract,RT112,1.314851011
ACH-000475,liver,HUH1,1.032092697
ACH-000476,liver,JHH4,1.311231782
ACH-000477,skin,MALME3M,0.98192467
ACH-000478,liver,SNU387,0.84830988
ACH-000479,central_nervous_system,KNS81,1.02425045
ACH-000480,liver,HUH7,1.100070119
ACH-000481,lung,NCIH2170,4.820379287
ACH-000482,lung,RERFLCKJ,1.278246894
ACH-000483,liver,SNU182,1.418188564
ACH-000484,kidney,VMRCRCW,1.327416333
ACH-000485,gastric,GSU,1.112050486
ACH-000486,urinary_tract,KU1919,1.264785849
ACH-000487,blood,F36P,1.357228132
ACH-000488,esophagus,TE11,1.561723765
ACH-000489,colorectal,SW1116,1.040688056
ACH-000490,central_nervous_system,SF767,1.459925535
ACH-000491,colorectal,NCIH716,5.57032569
ACH-000492,blood,MUTZ5,1.003387468
ACH-000493,liver,SNU423,0.799855577
ACH-000494,engineered_ovary,OELE,1.008826838
ACH-000495,kidney,TUHR4TKB,0.849457427
ACH-000496,lung,NCIH1792,4.266065501
ACH-000498,blood,KO52,1.231084247
ACH-000499,bone,EW8,1.425138235
ACH-000500,upper_aerodigestive,SNU46,1.424026981
ACH-000501,colorectal,LS123,1.410758444
ACH-000502,pancreas,TCCPAN2,1.142888741
ACH-000503,upper_aerodigestive,BICR16,1.461568845
ACH-000504,central_nervous_system,SNB75,1.15589995
ACH-000505,soft_tissue,RKN,0.950546766
ACH-000506,lung,NCIH146,1.154168882
ACH-000507,gastric,KE39,1.621030907
ACH-000508,lung,CORL88,1.344221462
ACH-000509,lymphocyte,HUT78,1.213420596
ACH-000510,lung,NCIH1299,1.197336011
ACH-000511,lung,CALU1,0.778453687
ACH-000512,plasma_cell,INA6,1.279756671
ACH-000513,kidney,SNU1272,1.014399147
ACH-000514,lung,NCIH1092,1.175665721
ACH-000515,lung,HCC33,1.047101133
ACH-000516,bone,CAL78,0.908629695
ACH-000517,pancreas,SNU410,1.265753501
ACH-000518,upper_aerodigestive,CAL33,1.308676261
ACH-000519,blood,PEER,1.003118363
ACH-000520,ovary,59M,2.394981463
ACH-000521,lung,NCIH2030,1.229565455
ACH-000522,urinary_tract,UMUC3,1.307691387
ACH-000523,lung,NCIH1184,0.872465066
ACH-000524,ovary,KURAMOCHI,2.09704387
ACH-000525,lung,NCIH2171,4.438043624
ACH-000526,fibroblast,HS821T,1.009933967
ACH-000527,ovary,OVISE,1.283368038
ACH-000528,lung,ABC1,1.262509575
ACH-000529,fibroblast,T173,1.005008664
ACH-000530,lung,DMS114,1.346645499
ACH-000531,fibroblast,RS5,0.999032325
ACH-000532,colorectal,SNU61,2.240421212
ACH-000533,soft_tissue,NCIH2004RT,1.024696834
ACH-000534,lymphocyte,WSUDLCL2,1.321683608
ACH-000535,pancreas,BXPC3,1.066597547
ACH-000536,breast,BT20,1.037862149
ACH-000537,liver,SNU761,1.269909663
ACH-000538,gastric,HUTU80,0.997486693
ACH-000539,fibroblast,HS618T,1.01583597
ACH-000540,fibroblast,HS606T,0.996691802
ACH-000541,plasma_cell,KMS34,1.118583004
ACH-000542,ovary,HEYA8,1.408972301
ACH-000543,central_nervous_system,SNU489,0.999355144
ACH-000544,esophagus,OE21,1.605071931
ACH-000545,urinary_tract,VMCUB1,1.336899367
ACH-000546,upper_aerodigestive,HSC4,1.120539117
ACH-000547,urinary_tract,HT1197,0.904560852
ACH-000548,upper_aerodigestive,BHY,1.25486693
ACH-000549,upper_aerodigestive,SNU1076,1.255143489
ACH-000550,skin,IGR39,1.197505759
ACH-000551,blood,K562,0.997864083
ACH-000552,colorectal,HT29,2.050393413
ACH-000553,lung,SQ1,1.011064103
ACH-000554,breast,UACC893,1.391853357
ACH-000555,kidney,A498,1.383568283
ACH-000556,cervix,SIHA,1.174916837
ACH-000557,blood,AML193,1.257544657
ACH-000558,central_nervous_system,A172,0.930299085
ACH-000559,lung,NCIH1836,1.206955208
ACH-000560,gastric,ECC10,1.396772774
ACH-000561,esophagus,TDOTT,1.470866783
ACH-000562,lung,HCC78,1.053109958
ACH-000563,lung,EBC1,1.199537725
ACH-000564,plasma_cell,KHM1B,1.236338861
ACH-000565,colorectal,RCM1,1.136250302
ACH-000566,urinary_tract,SW1710,1.320920629
ACH-000567,lymphocyte,ST486,0.972746385
ACH-000568,breast,UACC812,1.244780761
ACH-000569,lung,ISTMES1,1.547681571
ACH-000570,central_nervous_system,YKG1,1.10774101
ACH-000571,central_nervous_system,T98G,1.1530244
ACH-000572,skin,G361,1.147189693
ACH-000573,breast,MDAMB436,1.494545039
ACH-000574,ovary,FUOV1,2.263342833
ACH-000575,lung,HCC364,1.113705309
ACH-000576,plasma_cell,KMS27,1.33850452
ACH-000577,liver,JHH2,1.36744605
ACH-000578,lung,HCC1171,1.288552685
ACH-000579,skin,UACC257,1.102329461
ACH-000580,skin,C32,1.292962326
ACH-000581,gastric,SNU16,4.943777314
ACH-000582,skin,COLO741,0.774484751
ACH-000583,lymphocyte,MC116,0.996009035
ACH-000584,ovary,JHOS4,1.410279971
ACH-000585,lung,EPLC272H,1.252380193
ACH-000586,lung,NCIH1876,0.884038466
ACH-000587,lung,NCIH1975,3.551337885
ACH-000588,plasma_cell,KMS26,1.403967753
ACH-000589,lung,NCIH1437,1.410656129
ACH-000590,lung,NCIH2073,1.512952046
ACH-000591,central_nervous_system,LN235,1.178261901
ACH-000592,central_nervous_system,TM31,1.655100214
ACH-000593,urinary_tract,BC3C,1.351246104
ACH-000594,lung,DMS153,1.041122367
ACH-000595,central_nervous_system,LN229,1.062370514
ACH-000596,lung,LCLC97TM1,1.398764528
ACH-000597,soft_tissue,TTC709,1.052154928
ACH-000598,plasma_cell,KMS21BM,1.06754418
ACH-000599,pancreas,PATU8902,1.371859761
ACH-000600,kidney,SLR26,1.371033381
ACH-000601,pancreas,MIAPACA2,1.128094294
ACH-000602,blood,M07E,1.545723573
ACH-000603,lung,BEN,1.220012467
ACH-000604,blood,KYO1,1.282925034
ACH-000605,esophagus,TE6,1.413904895
ACH-000606,upper_aerodigestive,PECAPJ34CLONEC12,1.379185626
ACH-000607,soft_tissue,KYM1,0.991257153
ACH-000608,ovary,COV644,1.156375711
ACH-000609,central_nervous_system,SF126,1.007318469
ACH-000610,lung,NCIH2227,0.875378737
ACH-000611,lymphocyte,SUDHL6,1.32812925
ACH-000612,lymphocyte,HUT102,1.00425626
ACH-000613,bone,HOS,0.998991852
ACH-000614,skin,RVH421,1.167380081
ACH-000615,skin,SKMEL28,1.046970575
ACH-000616,gastric,HS746T,1.348146001
ACH-000617,ovary,OVCAR4,1.657879169
ACH-000618,upper_aerodigestive,SNU1041,1.349706452
ACH-000619,upper_aerodigestive,PECAPJ15,1.131168575
ACH-000620,liver,JHH1,1.224194122
ACH-000621,breast,MDAMB157,1.775663093
ACH-000622,central_nervous_system,KNS42,0.762415589
ACH-000623,central_nervous_system,SNU201,1.091279081
ACH-000624,breast,HCC1806,1.580471337
ACH-000625,liver,HEP3B217,1.017757963
ACH-000626,plasma_cell,U266B1,1.060491312
ACH-000627,lung,LCLC103H,1.149831593
ACH-000628,lung,NCIH596,1.331447224
ACH-000630,upper_aerodigestive,YD8,1.115680541
ACH-000631,central_nervous_system,KS1,1.218203565
ACH-000632,skin,HS944T,1.054906635
ACH-000633,gastric,FU97,0.934069444
ACH-000634,central_nervous_system,LN340,1.044876974
ACH-000635,ovary,SNU119,1.960164304
ACH-000636,blood,RPMI8402,1.055642804
ACH-000637,esophagus,KYSE520,1.181787578
ACH-000638,lung,NCIH441,1.220836195
ACH-000639,lung,NCIH211,2.098879426
ACH-000640,skin,SKMEL31,1.171486179
ACH-000641,blood,CMK,0.854373138
ACH-000642,engineered_breast,HMEL,1.04394969
ACH-000643,breast,HDQP1,1.615225686
ACH-000644,skin,COLO829,1.044501356
ACH-000645,lung,JL1,1.276147513
ACH-000646,ovary,OVMANA,0.867604913
ACH-000647,esophagus,TE1,1.175819548
ACH-000648,lung,NCIH28,0.833125482
ACH-000649,kidney,786O,1.393180709
ACH-000650,skin,IGR37,1.136394203
ACH-000651,colorectal,SW620,2.366826478
ACH-000652,pancreas,SUIT2,1.154861767
ACH-000653,plasma_cell,JJN3,1.668829931
ACH-000654,lymphocyte,RAJI,0.980483816
ACH-000655,central_nervous_system,SF268,1.193711277
ACH-000656,lymphocyte,SUDHL8,0.95593375
ACH-000657,ovary,A2780,0.991513111
ACH-000658,plasma_cell,KMS18,1.321530631
ACH-000659,lung,SCLC21H,3.650056347
ACH-000660,lymphocyte,SUDHL5,1.003541837
ACH-000661,skin,WM1799,1.310671848
ACH-000662,lung,CORL23,3.711448592
ACH-000663,ovary,OVTOKO,1.126567893
ACH-000664,lymphocyte,SUDHL1,0.788149265
ACH-000665,lung,SKMES1,1.056569347
ACH-000666,lung,NCIH1355,1.156345938
ACH-000667,lung,HCC44,2.998388447
ACH-000668,breast,HCC70,1.436783765
ACH-000669,lung,SW900,1.081863944
ACH-000670,lung,SBC5,1.182088449
ACH-000671,liver,HUH6,1.254833815
ACH-000672,lung,IALM,1.670871301
ACH-000673,central_nervous_system,LN443,1.109836936
ACH-000674,gastric,NUGC4,0.947246227
ACH-000675,lung,NCIH1734,1.061897377
ACH-000676,central_nervous_system,LN464,1.142562124
ACH-000677,lung,SW1573,1.13361586
ACH-000678,gastric,MKN7,1.685279891
ACH-000679,esophagus,OE19,1.717568652
ACH-000680,colorectal,SW948,0.966080856
ACH-000681,lung,A549,1.210702754
ACH-000682,upper_aerodigestive,SNU1066,1.488405021
ACH-000683,colorectal,SNU503,1.283507675
ACH-000684,kidney,KMRC1,1.074582435
ACH-000685,pancreas,L33,1.325325857
ACH-000686,liver,SNU878,1.031009256
ACH-000687,lymphocyte,CI1,0.994044344
ACH-000688,ovary,OV7,0.951165554
ACH-000689,soft_tissue,RH18,1.157421953
ACH-000690,lung,HCC2814,1.307658009
ACH-000691,breast,HCC2157,1.386210624
ACH-000692,upper_aerodigestive,SNU899,0.997766232
ACH-000693,esophagus,KYSE180,1.299892336
ACH-000694,esophagus,TE9,2.834282889
ACH-000695,lung,CORL47,1.036346621
ACH-000696,ovary,OVCAR8,1.620123309
ACH-000697,lymphocyte,A3KAW,0.982067849
ACH-000698,lung,DMS53,1.311376267
ACH-000699,breast,HCC1395,1.64031147
ACH-000700,lung,NCIH2882,1.549942517
ACH-000701,ovary,RMUGS,1.058859256
ACH-000702,lymphocyte,L1236,1.165847348
ACH-000703,lung,DMS79,1.383980912
ACH-000704,ovary,OAW42,1.354592859
ACH-000705,lung,LC1F,1.245883946
ACH-000706,lung,EKVX,1.090957536
ACH-000707,lymphocyte,P3HR1,1.004055183
ACH-000708,colorectal,SNU283,1.069995721
ACH-000709,kidney,KMRC2,1.08426306
ACH-000710,lung,NCIH854,1.433630214
ACH-000711,breast,JIMT1,1.383903808
ACH-000713,ovary,CAOV3,0.973218783
ACH-000714,plasma_cell,KMS11,1.207975757
ACH-000715,upper_aerodigestive,SNU1214,1.310710645
ACH-000716,thyroid,TT2609C02,1.051383669
ACH-000717,esophagus,COLO680N,1.2209207
ACH-000718,lung,NCIH2291,1.220163144
ACH-000719,ovary,RMGI,0.94990125
ACH-000720,urinary_tract,TCCSUP,0.986961457
ACH-000721,breast,HMC18,1.279460272
ACH-000722,colorectal,SNUC1,1.298732878
ACH-000723,upper_aerodigestive,YD10B,1.112349825
ACH-000724,urinary_tract,HT1376,1.191665979
ACH-000725,breast,HCC202,1.487308568
ACH-000726,esophagus,TE14,1.261278271
ACH-000727,lung,NCIH2066,1.184769954
ACH-000728,blood,KASUMI2,0.990794061
ACH-000729,lung,NCIH1963,0.96131255
ACH-000730,skin,SKMEL5,1.23051205
ACH-000731,lung,HCC2279,1.673191992
ACH-000732,upper_aerodigestive,PECAPJ41CLONED2,1.301630637
ACH-000733,lung,NCIH1838,1.23600622
ACH-000734,liver,JHH5,1.123471032
ACH-000735,upper_aerodigestive,PECAPJ49,1.329955619
ACH-000736,gastric,SNU601,1.292649241
ACH-000737,lung,NCIH1385,1.455581428
ACH-000738,central_nervous_system,GB1,1.233373568
ACH-000739,liver,HEPG2,0.946000037
ACH-000740,upper_aerodigestive,A253,1.412439783
ACH-000741,urinary_tract,UBLC1,1.278523721
ACH-000742,fibroblast,DM3,1
ACH-000743,lung,CORL95,1.049218952
ACH-000744,lung,NCIH1623,1.362444379
ACH-000745,plasma_cell,MOLP8,1.009646033
ACH-000746,gastric,GSS,1.070529441
ACH-000747,lung,NCIH1703,1.2249464
ACH-000748,bone,SJSA1,0.967302637
ACH-000749,lung,DMS273,4.981988467
ACH-000750,skin,LOXIMVI,1.26249033
ACH-000751,blood,OCIM1,1.36741298
ACH-000752,lung,NCIH196,1.197823866
ACH-000753,urinary_tract,JMSU1,0.983395665
ACH-000754,lymphocyte,L428,1.265629672
ACH-000755,breast,HCC2218,1.583230354
ACH-000756,central_nervous_system,GI1,1.428465619
ACH-000757,lung,A427,0.993709275
ACH-000758,gastric,MKN74,1.744347167
ACH-000759,breast,MDAMB175VII,1.248699042
ACH-000760,central_nervous_system,LNZ308,1.375838155
ACH-000761,gastric,NUGC2,1.512941003
ACH-000762,upper_aerodigestive,YD38,1.229217912
ACH-000763,plasma_cell,MM1S,0.983236044
ACH-000764,gastric,SH10TC,1.392523749
ACH-000765,skin,WM983B,1.361577427
ACH-000766,lung,NCIH1648,1.261783644
ACH-000767,lung,NCIH526,1.277589359
ACH-000768,breast,MDAMB231,1.136067171
ACH-000769,lung,LK2,1.260197419
ACH-000770,blood,P31FUJ,0.955168952
ACH-000771,upper_aerodigestive,BICR56,1.307686618
ACH-000772,soft_tissue,TE441T,1.238148656
ACH-000773,lymphocyte,KIJK,1.059260219
ACH-000774,lung,RERFLCAD2,1.211715096
ACH-000775,lung,NCIH727,1.270199414
ACH-000776,central_nervous_system,ONS76,1.286261089
ACH-000777,esophagus,KYSE30,1.353030215
ACH-000778,upper_aerodigestive,HSC3,1.095488878
ACH-000779,lung,PC9,1.249015875
ACH-000780,lung,NCIH1105,1.232080971
ACH-000781,lung,NCIH2023,1.240780241
ACH-000782,blood,SEM,1.011734337
ACH-000783,breast,CAMA1,1.487053825
ACH-000784,esophagus,KYSE70,1.308945214
ACH-000785,lung,NCIH2126,1.253924241
ACH-000786,lymphocyte,DAUDI,1.004858152
ACH-000787,lung,LXF289,1.406808767
ACH-000788,skin,A2058,1.214388864
ACH-000789,lung,NCIH810,1.560387027
ACH-000790,lung,SHP77,1.243281925
ACH-000791,lung,RERFLCAD1,1.093297879
ACH-000792,kidney,BFTC909,1.170390009
ACH-000793,gastric,KATOIII,1.058402773
ACH-000794,upper_aerodigestive,BICR22,1.258512914
ACH-000795,blood,MOLT13,0.992523474
ACH-000796,ovary,MCAS,1.07627918
ACH-000797,fibroblast,HLFA,0.999655041
ACH-000798,colorectal,CL40,0.99031175
ACH-000799,skin,HS695T,1.167974338
ACH-000800,lung,NCIH446,3.472088883
ACH-000801,skin,HS936T,0.999524578
ACH-000802,urinary_tract,BFTC905,2.295912868
ACH-000803,lung,COLO668,0.951594819
ACH-000804,peripheral_nervous_system,NB1,0.896628207
ACH-000805,skin,COLO679,0.985929293
ACH-000806,lymphocyte,L540,0.98168278
ACH-000807,central_nervous_system,SNU738,1.066118436
ACH-000808,bile_duct,HUH28,1.200513018
ACH-000809,esophagus,KYSE410,1.35876441
ACH-000810,skin,SKMEL30,1.004174522
ACH-000811,ovary,SKOV3,1.027726923
ACH-000812,skin,COLO783,1.45474285
ACH-000813,lung,T3M10,1.312353286
ACH-000814,skin,HS939T,0.995355002
ACH-000815,lymphocyte,KMH2,1.032122846
ACH-000816,lung,NCIH524,6.066588507
ACH-000817,plasma_cell,RPMI8226,1.054806016
ACH-000818,breast,BT483,1.4578508
ACH-000819,central_nervous_system,LN18,0.892844091
ACH-000820,colorectal,SW403,1.283221342
ACH-000821,plasma_cell,EJM,1.042058226
ACH-000822,skin,SKMEL24,0.982949956
ACH-000823,esophagus,KYSE140,1.293630082
ACH-000824,esophagus,KYSE510,3.062464347
ACH-000825,lung,HOP92,1.22464431
ACH-000826,lung,CAL12T,1.132978687
ACH-000827,skin,WM793,1.175871942
ACH-000828,breast,ZR7530,2.186966754
ACH-000829,plasma_cell,HUNS1,1.050063069
ACH-000830,lung,NCIH1436,1.253488768
ACH-000831,uterus,HEC50B,1.489787183
ACH-000832,upper_aerodigestive,CAL27,1.030072537
ACH-000833,soft_tissue,RH30,0.933700116
ACH-000834,urinary_tract,UMUC1,1.240794086
ACH-000835,soft_tissue,GCT,1.046972123
ACH-000836,upper_aerodigestive,YD15,1.278300963
ACH-000837,lung,NCIH322,1.43274865
ACH-000838,plasma_cell,AMO1,1.070148119
ACH-000839,urinary_tract,SCABER,1.336617257
ACH-000840,lung,HCC366,1.09874862
ACH-000841,lung,NCIH2087,2.043856129
ACH-000842,colorectal,SW480,2.195535522
ACH-000843,lung,HARA,1.394722108
ACH-000844,lung,DMS454,1.314601986
ACH-000845,lung,NCIH1373,1.297374567
ACH-000846,upper_aerodigestive,FADU,1.512360908
ACH-000847,gastric,HGC27,3.548720204
ACH-000848,liver,JHH7,1.027150512
ACH-000849,breast,MDAMB468,0.957797916
ACH-000850,fibroblast,HS698T,0.982655518
ACH-000851,lung,MORCPR,1.455475313
ACH-000852,lung,NCIH1435,1.531194787
ACH-000853,lung,NCIH661,0.905167027
ACH-000854,plasma_cell,OCIMY5,1.528790332
ACH-000855,esophagus,KYSE150,0.990942085
ACH-000856,breast,CAL51,0.999414147
ACH-000857,breast,CAL851,1.148627642
ACH-000858,lung,KNS62,1.083858054
ACH-000859,breast,HCC1954,1.836460237
ACH-000860,lung,NCIH358,1.418191028
ACH-000861,lung,HOP62,1.215949407
ACH-000862,urinary_tract,KMBC2,0.956088778
ACH-000863,central_nervous_system,DBTRG05MG,0.877912888
ACH-000864,uterus,COLO684,1.421624033
ACH-000865,esophagus,KYSE450,2.735180526
ACH-000866,lung,NCIH1048,1.017458034
ACH-000867,lung,CHAGOK1,1.383689917
ACH-000868,lung,HCC1195,1.66489693
ACH-000869,lung,NCIH1568,1.387677958
ACH-000870,lung,NCIH1930,1.211885648
ACH-000871,lung,NCIH510,1.896176118
ACH-000872,lung,HCC515,1.032517718
ACH-000873,esophagus,KYSE270,1.179509776
ACH-000874,blood,RS411,1.266156264
ACH-000875,lung,NCIH2347,1.285476201
ACH-000876,breast,MDAMB415,1.185104094
ACH-000877,lymphocyte,EB1,0.992469784
ACH-000878,lung,HCC15,1.026150612
ACH-000879,uterus,MFE296,1.009276935
ACH-000880,gastric,AGS,0.992937339
ACH-000881,skin,MELJUSO,1.295064112
ACH-000882,skin,IGR1,0.925364873
ACH-000883,central_nervous_system,SW1783,1.098075216
ACH-000884,skin,MDAMB435S,1.321393044
ACH-000885,ovary,TOV21G,0.997216666
ACH-000886,lung,NCIH2009,1.258343439
ACH-000887,central_nervous_system,SF172,1.608121315
ACH-000888,lung,NCIH1793,1.061830103
ACH-000889,plasma_cell,KMM1,1.040008663
ACH-000890,lung,SW1271,0.781716073
ACH-000891,lung,HCC1438,0.824998014
ACH-000892,lung,NCIH1563,1.294164307
ACH-000893,lung,NCIH1651,1.411864954
ACH-000894,lung,NCIH1869,1.295188159
ACH-000895,colorectal,CL34,1.00956073
ACH-000896,urinary_tract,647V,1.186107503
ACH-000897,thyroid,FTC238,1.488159176
ACH-000898,gastric,SNU719,0.95777125
ACH-000899,skin,WM88,0.93466867
ACH-000900,lung,NCIH23,1.877629222
ACH-000901,lung,HCC1359,1.534808661
ACH-000902,breast,CAL148,1.022295366
ACH-000903,thyroid,FTC133,1.105148367
ACH-000904,lung,NCIH2106,1.054543586
ACH-000905,urinary_tract,5637,0.987522429
ACH-000906,ovary,ES2,1.190068018
ACH-000907,kidney,SNU349,0.966192115
ACH-000908,gastric,SNU520,1.272570891
ACH-000909,uterus,JHUEM2,0.961350987
ACH-000910,breast,MDAMB453,1.282744029
ACH-000911,gastric,NUGC3,1.198557015
ACH-000912,lung,NCIH2286,1.026734915
ACH-000913,uterus,ESS1,0.993727178
ACH-000914,lymphocyte,HT,1.011363243
ACH-000915,skin,IPC298,1.036680561
ACH-000916,lung,NCIH1573,1.139062759
ACH-000917,esophagus,TE4,1.832462711
ACH-000918,blood,MOLT16,0.990415064
ACH-000919,gastric,IM95,1.250526881
ACH-000920,blood,CMLT1,1.208419246
ACH-000921,lung,NCIH1339,1.321029882
ACH-000922,blood,RCHACV,1.230494475
ACH-000923,lymphocyte,BCP1,1.173245787
ACH-000924,lung,NCIH2172,1.230284801
ACH-000925,lung,DV90,1.291873449
ACH-000926,colorectal,HT55,1.045180829
ACH-000927,breast,BT474,1.389017712
ACH-000928,uterus,JHUEM1,1.063696899
ACH-000929,lung,NCIH2110,1.582878707
ACH-000930,breast,HCC1569,1.54196973
ACH-000931,skin,HMCB,1.332174575
ACH-000932,gastric,SNU1,0.991275012
ACH-000933,pancreas,SNU324,0.998375404
ACH-000934,breast,MDAMB361,1.234587769
ACH-000935,colorectal,MDST8,1.010219119
ACH-000936,ovary,EFO27,1.016340846
ACH-000937,blood,PF382,1.02279816
ACH-000938,blood,NALM6,0.988994295
ACH-000939,soft_tissue,SKUT1,1.009088424
ACH-000940,uterus,AN3CA,1.046266833
ACH-000941,uterus,HEC1B,1.091318675
ACH-000942,blood,HPBALL,1.006700163
ACH-000943,colorectal,RKO,1.44788225
ACH-000944,lymphocyte,NAMALWA,0.989428026
ACH-000945,lung,NCIH650,1.108670308
ACH-000946,uterus,HEC265,0.993343437
ACH-000947,ovary,OVK18,0.996538143
ACH-000948,gastric,2313287,1.699220237
ACH-000949,gastric,TGBC11TKB,0.91735812
ACH-000950,colorectal,LOVO,0.893447799
ACH-000951,lung,NCIH2342,1.857638289
ACH-000952,prostate,MDAPCA2B,1.436932564
ACH-000953,blood,SUPT1,0.968655551
ACH-000954,uterus,HEC1A,0.981677328
ACH-000955,colorectal,SNU407,1.303876584
ACH-000956,prostate,22RV1,0.992226049
ACH-000957,colorectal,LS180,0.977358477
ACH-000958,colorectal,SW48,0.983090794
ACH-000959,colorectal,SNUC4,1.004622915
ACH-000960,blood,REH,0.998900392
ACH-000961,uterus,ISHIKAWAHERAKLIO02ER,0.998101246
ACH-000962,ovary,OC314,0.994781506
ACH-000963,colorectal,CCK81,1.004934945
ACH-000964,blood,MOLT3,1.261542248
ACH-000965,uterus,RL952,1.249126123
ACH-000966,ovary,IGROV1,1.073074363
ACH-000967,colorectal,SNUC2A,0.999465094
ACH-000968,skin,COLO792,0.877118593
ACH-000969,colorectal,KM12,1.197313741
ACH-000970,colorectal,SNUC5,0.97478824
ACH-000971,colorectal,HCT116,1.260125045
ACH-000972,uterus,HEC151,0.999189699
ACH-000973,urinary_tract,639V,1.221132811
ACH-000974,uterus,SNGM,1.155851539
ACH-000975,lung,HCC2450,1.392062936
ACH-000976,bile_duct,HUCCT1,1.20938973
ACH-000977,prostate,LNCAPCLONEFGC,1.031648563
ACH-000978,uterus,EN,1.015724489
ACH-000979,prostate,DU145,1.100692443
ACH-000980,lung,NCIH1155,1.238981855
ACH-000981,blood,DND41,1.017424538
ACH-000982,colorectal,GP2D,1.000300049
ACH-000983,blood,KCL22,1.513548351
ACH-000984,uterus,HEC6,1.083131656
ACH-000985,colorectal,LS411N,1.057809991
ACH-000986,colorectal,HT115,0.910973065
ACH-000987,skin,MEWO,1.03504742
ACH-000988,uterus,MFE319,0.997855066
ACH-000989,colorectal,SNU175,0.992759731
ACH-000990,uterus,HEC108,1.081790229
ACH-000991,colorectal,SNU81,1.014853008
ACH-000992,upper_aerodigestive,BICR18,1.243986463
ACH-000993,uterus,JHUEM7,1.003614469
ACH-000994,uterus,HEC59,1.093711604
ACH-000995,blood,JURKAT,1.077601919
ACH-000996,uterus,HEC251,0.996565619
ACH-000997,colorectal,HCT15,0.990028698
ACH-000998,colorectal,CW2,0.99804729
ACH-000999,colorectal,SNU1040,1.006468947
ACH-001000,central_nervous_system,1321N1,1.12595984
ACH-001001,bone,143B,1.070990326
ACH-001002,skin,451LU,1.796717766
ACH-001015,gastric,AZ521,1.002502347
ACH-001016,central_nervous_system,BECKER,1.106885628
ACH-001017,gastric,BGC823,1.275834273
ACH-001018,fibroblast,BJHTERT,1.000349811
ACH-001020,soft_tissue,BT16,1.024052962
ACH-001021,liver,C3A,0.947215868
ACH-001022,bone,CBAGPN,1.313171538
ACH-001023,thyroid,CGTHW1,1.191472953
ACH-001024,skin,CHL1,1.367156882
ACH-001028,soft_tissue,CHLA06ATRT,1.091940122
ACH-001029,bone,CHLA10,1.231273875
ACH-001030,bone,CHLA218,1.495608189
ACH-001031,soft_tissue,CHLA266,1.057780884
ACH-001032,bone,CHLA32,1.57041484
ACH-001033,bone,CHLA57,1.236839742
ACH-001034,bone,CHLA9,1.369406178
ACH-001035,bone,CHLA99,1.413211154
ACH-001036,blood,CMK115,0.87616777
ACH-001037,blood,CMK86,0.995656583
ACH-001038,bone,COGE352,1.511362275
ACH-001039,colorectal,COLO205,1.182952849
ACH-001041,lung,COLO699,1.41790435
ACH-001042,ovary,COLO704,1.272256152
ACH-001043,plasma_cell,COLO775,1.359042629
ACH-001044,skin,COLO818,1.098178999
ACH-001045,skin,COLO849,1.110266348
ACH-001047,lung,CORL51,1.061508021
ACH-001048,ovary,COV504,1.48729185
ACH-001049,lung,CPCN,4.709519485
ACH-001050,soft_tissue,CW9019,1.13605945
ACH-001053,central_nervous_system,D425,5.753071235
ACH-001054,central_nervous_system,D458,6.829205175
ACH-001057,lymphocyte,DERL2,1.298528115
ACH-001059,soft_tissue,DL,1.022756977
ACH-001060,lymphocyte,DL40,0.804838069
ACH-001061,colorectal,DLD1,0.994659948
ACH-001063,ovary,DOV13,0.969484211
ACH-001064,lymphocyte,EB2,1.066855898
ACH-001065,breast,EVSAT,2.118647107
ACH-001066,bone,EWS834,1.461802509
ACH-001067,central_nervous_system,F5,1.358972325
ACH-001068,lymphocyte,FEPD,1.001095311
ACH-001071,lung,GLC82,1.073271151
ACH-001072,skin,GRM,2.245724736
ACH-001075,lung,NCIH292,1.001387926
ACH-001079,lung,HCC1897,1.252255781
ACH-001081,colorectal,HCC2998,0.975559609
ACH-001086,cervix,HELA,1.29023447
ACH-001087,engineered_kidney,HK2,1.069549572
ACH-001088,lung,HLC1,1.177759645
ACH-001089,liver,HLE,1.013367209
ACH-001090,upper_aerodigestive,HN,1.36021424
ACH-001091,colorectal,HRT18,0.984385408
ACH-001092,ovary,HS571T,1.178373644
ACH-001093,fibroblast,HS604T,1.00882246
ACH-001094,plasma_cell,HTK,1.173245787
ACH-001096,soft_tissue,JR,1.245049581
ACH-001097,lymphocyte,KARPAS384,0.992887104
ACH-001098,pancreas,KCIMOH1,1.265470503
ACH-001099,soft_tissue,KD,1.014726632
ACH-001100,lymphocyte,KHYG,2.154253961
ACH-001101,pancreas,KLM1,1.4329375
ACH-001106,blood,KOPN8,0.994620054
ACH-001107,pancreas,KP1N,1.144946957
ACH-001111,lymphocyte,L82,1.64949682
ACH-001113,lung,LC1SQSF,1.472923374
ACH-001118,central_nervous_system,M059J,1.105287854
ACH-001119,lymphocyte,MAC2A,1.026488474
ACH-001121,lymphocyte,MEC2,0.981964193
ACH-001125,central_nervous_system,MOGGCCM,1.086761351
ACH-001126,central_nervous_system,MOGGUVW,1.165278461
ACH-001127,blood,MOLT4,1.101980124
ACH-001128,soft_tissue,MON,1.038763455
ACH-001129,blood,MONOMAC1,1.19740748
ACH-001130,lymphocyte,MOTN1,1.292868897
ACH-001132,lymphocyte,MTA,0.991599084
ACH-001134,lymphocyte,MYLA,1.048649122
ACH-001136,lung,NCIH187,1.123990584
ACH-001137,lung,NCIH1993,1.556359272
ACH-001138,lung,NCIH2141,1.142270959
ACH-001142,engineered_central_nervous_system,NHAHTDD,1.003203552
ACH-001143,lymphocyte,NKL,1.013291449
ACH-001145,ovary,OC316,1.032365372
ACH-001146,lymphocyte,OCILY10,0.999550098
ACH-001147,lymphocyte,OCILY12,0.999180244
ACH-001148,lymphocyte,OCILY132,1.237388112
ACH-001150,bone,OUMS27,1.188672473
ACH-001151,ovary,OVCAR5,1.475717869
ACH-001162,plasma_cell,PCM6,1.009821542
ACH-001163,kidney,CCLFPEDS0001T,1.136937483
ACH-001164,soft_tissue,CCLFPEDS0003T,1.064830439
ACH-001171,pancreas,PL45,1.233086136
ACH-001172,central_nervous_system,R256,1.112895973
ACH-001173,central_nervous_system,R262,0.921473731
ACH-001175,kidney,RCC4,1.097166459
ACH-001182,unknown,RPMI6666,1.003951176
ACH-001183,urinary_tract,RT11284,1.366987974
ACH-001184,soft_tissue,SCMCRM2,1.010711103
ACH-001188,peripheral_nervous_system,SHSY5Y,0.963523101
ACH-001189,soft_tissue,SJRH30,0.871042376
ACH-001190,skin,SKMEL2,0.986342777
ACH-001192,bone,SKNEP1,1.293820116
ACH-001193,bone,SKPNDW,4.261416478
ACH-001194,kidney,SKRC31,1.042868428
ACH-001196,soft_tissue,SMSCTR,0.989621594
ACH-001197,lymphocyte,SMZ1,1.003747578
ACH-001198,central_nervous_system,SNB19,1.092115406
ACH-001199,colorectal,SNUC2B,0.997717294
ACH-001200,soft_tissue,STM9101,1.356529229
ACH-001201,central_nervous_system,SUMB002,5.069502481
ACH-001203,lymphocyte,SUPHD1,0.999364641
ACH-001205,bone,TC32,1.279994196
ACH-001206,bone,TTC466,1.23709498
ACH-001207,fibroblast,TIG3TD,1.004657429
ACH-001208,kidney,TK10,1.239936889
ACH-001211,soft_tissue,TTC549,1.01160584
ACH-001212,soft_tissue,TTC642,1.288200256
ACH-001214,central_nervous_system,U138MG,1.117367241
ACH-001224,kidney,UMRC2,1.175250567
ACH-001225,kidney,UMRC6NEO,1.462835508
ACH-001228,upper_aerodigestive,UPCISCC152,1.325833086
ACH-001229,upper_aerodigestive,UPCISCC154,1.388847313
ACH-001230,blood,UT7,0.904300963
ACH-001232,central_nervous_system,UW228,0.967373965
ACH-001233,lung,VMRCLCD,1.123987275
ACH-001234,lung,VMRCLCP,1.154090605
ACH-001239,skin,WM2664,0.911025085
ACH-001249,breast,YMB1,1.177201528
ACH-001270,soft_tissue,127399,1.09993611
ACH-001274,soft_tissue,SW982,1.283707278
ACH-001275,soft_tissue,SYO1,1.376140326
ACH-001277,soft_tissue,YAMATO,1.55819464
ACH-001278,ovary,BIN67,1.034136816
ACH-001279,ovary,SCCOHT1,1.005553146
ACH-001280,soft_tissue,SCS214,1.241667538
ACH-001282,bone,CHLA258,0.993863593
ACH-001283,bone,TC106,1.377797868
ACH-001289,soft_tissue,COGAR359,1.042666048
ACH-001295,eye,Y79,1.001028996
ACH-001300,peripheral_nervous_system,CHLA15,1.276803336
ACH-001301,peripheral_nervous_system,COGN278,1.044010049
ACH-001302,peripheral_nervous_system,COGN305,1.07505131
ACH-001303,peripheral_nervous_system,NB1643,0.996305726
ACH-001306,thyroid,8305C,1.001021788
ACH-001307,thyroid,8505C,1.138274504
ACH-001310,engineered_kidney,HA1E,1.020517136
ACH-001318,liver,PLCPRF5,1.041642507
ACH-001321,thyroid,TT,1.610037612
ACH-001322,soft_tissue,CME1,1.35445611
ACH-001328,skin,A431,1.133758152
ACH-001329,central_nervous_system,ANGMCSS,1.049735307
ACH-001331,upper_aerodigestive,BICR10,1.567363396
ACH-001332,upper_aerodigestive,BICR78,1.064185472
ACH-001333,cervix,C33A,1.026339031
ACH-001334,cervix,C4I,1.302689293
ACH-001335,cervix,C4II,1.206551959
ACH-001336,cervix,CASKI,1.49335067
ACH-001338,peripheral_nervous_system,CHP134,0.985304633
ACH-001339,skin,COLO794,0.976209936
ACH-001340,ovary,COV413A,1.473111505
ACH-001341,cervix,DOTC24510,1.229432263
ACH-001344,peripheral_nervous_system,GIMEN,0.974432616
ACH-001345,colorectal,GP5D,1.009686126
ACH-001346,upper_aerodigestive,H103,1.087100934
ACH-001347,upper_aerodigestive,H157,1.213252706
ACH-001350,thyroid,HTCC3,1.311769891
ACH-001353,pancreas,JOPACA1,1.433278902
ACH-001354,peripheral_nervous_system,LAN2,0.741982403
ACH-001355,peripheral_nervous_system,LAN6,0.997714332
ACH-001356,thyroid,MB1,1.091847396
ACH-001358,breast,MDAMB330,1.195769635
ACH-001359,cervix,ME180,1.391266208
ACH-001360,cervix,MS751,1.299010736
ACH-001362,lung,NCIH1770,0.967072523
ACH-001363,lung,NCIH2135,1.125233837
ACH-001364,lung,NCIH345,1.272219119
ACH-001365,lung,NCIH847,2.670348404
ACH-001366,peripheral_nervous_system,NGP,0.993092095
ACH-001367,peripheral_nervous_system,NMB,0.931365062
ACH-001368,esophagus,OACM51,1.351073644
ACH-001369,ovary,OCIC5X,1.024987675
ACH-001370,ovary,OCIP5X,1.522831232
ACH-001373,ovary,OV17R,0.783801854
ACH-001374,ovary,PA1,1.021184051
ACH-001375,pancreas,PACADD119,0.995526922
ACH-001376,pancreas,PACADD135,0.999320691
ACH-001377,pancreas,PACADD137,1.360150736
ACH-001378,pancreas,PACADD159,1.089771342
ACH-001379,pancreas,PACADD161,2.448696158
ACH-001380,pancreas,PACADD165,1.031275908
ACH-001382,pancreas,PACADD188,1.405232159
ACH-001383,prostate,PWR1E,1.450289603
ACH-001384,thyroid,RO82W1,1.179249239
ACH-001385,upper_aerodigestive,RPMI2650,0.993090645
ACH-001386,lung,SCLC22H,4.814516073
ACH-001388,breast,SUM102PT,0.93194684
ACH-001389,breast,SUM1315MO2,1.182743776
ACH-001390,breast,SUM149PT,1.498538867
ACH-001391,breast,SUM159PT,4.279749853
ACH-001392,breast,SUM185PE,1.099322812
ACH-001394,breast,SUM229PE,1.677443294
ACH-001395,breast,SUM44PE,1.129377984
ACH-001396,breast,SUM52PE,1.287520758
ACH-001398,kidney,SW156,1.088553265
ACH-001399,colorectal,SW626,1.211816513
ACH-001400,cervix,SW954,1.083416948
ACH-001401,adrenal_cortex,SW13,1.003840388
ACH-001402,cervix,SW756,1.106086962
ACH-001403,ovary,TO14,1.011713887
ACH-001407,urinary_tract,UMUC13,1.794966845
ACH-001408,urinary_tract,UMUC14,1.834074866
ACH-001409,urinary_tract,UMUC16,1.169506239
ACH-001410,urinary_tract,UMUC4,1.259062735
ACH-001411,urinary_tract,UMUC5,1.09815676
ACH-001412,urinary_tract,UMUC10,1.115529375
ACH-001413,urinary_tract,UMUC11,0.944792043
ACH-001414,urinary_tract,UMUC6,1.3353409
ACH-001415,urinary_tract,UMUC7,0.953345186
ACH-001416,urinary_tract,UMUC9,1.258067202
ACH-001417,lung,UMC11,1.096514201
ACH-001418,ovary,UWB1289,1.615671007
ACH-001419,breast,VP229,1.358184118
ACH-001421,eye,WERIRB1,1.004801463
ACH-001422,prostate,WPE1NA22,1.018323669
ACH-001430,bone,TC138,1.512033165
ACH-001431,bone,TC205,1.321330695
ACH-001433,soft_tissue,CCLFPEDS0008T,1.41884839
ACH-001441,eye,921,1.55735561
ACH-001442,cervix,A388,1.347618038
ACH-001443,thyroid,ASH3,2.460515855
ACH-001450,lymphocyte,BLUE1,1.077078208
ACH-001451,cervix,BOKU,1.040437989
ACH-001452,blood,BONNA12,0.894177501
ACH-001453,prostate,BPH1,1.342046509
ACH-001454,colorectal,C10,0.97007542
ACH-001456,colorectal,C125PM,2.076157493
ACH-001458,colorectal,C75,1.264741186
ACH-001459,colorectal,C80,1.138033945
ACH-001460,colorectal,C84,1.340070558
ACH-001461,colorectal,C99,1.443774249
ACH-001484,blood,CI,1.01780435
ACH-001485,blood,CII,1.01520352
ACH-001489,lung,CORL32,0.990635581
ACH-001490,lung,CORL321,0.967024183
ACH-001494,bile_duct,EGI1,1.202260984
ACH-001495,uterus,EMTOKA,0.913399565
ACH-001496,esophagus,ESO26,1.622370027
ACH-001497,esophagus,ESO51,2.56051761
ACH-001498,lymphocyte,FARAGE,1.041048346
ACH-001500,esophagus,FLO1,1.366784362
ACH-001509,upper_aerodigestive,H357,1.585689917
ACH-001510,upper_aerodigestive,H376,1.292645098
ACH-001511,upper_aerodigestive,H413,1.437919756
ACH-001513,cervix,HCA1,0.869815197
ACH-001515,cervix,HCS2,1.210364549
ACH-001516,cervix,HCSC1,0.970147886
ACH-001517,uterus,HEC1,0.982854084
ACH-001518,uterus,HEC116,1.591405673
ACH-001519,bone,HEMCSS,1.000565426
ACH-001520,blood,HG3,1.044973879
ACH-001521,skin,HKA1,1.545909573
ACH-001522,skin,HMY1,1.087193287
ACH-001523,skin,HSC1,1.169714032
ACH-001524,skin,HSC5,1.602945202
ACH-001525,cervix,HT3,1.39141635
ACH-001526,bone,HUO9,1.279908644
ACH-001528,thyroid,IHH4,1.026103461
ACH-001529,uterus,JAR,1.234362133
ACH-001530,uterus,JEG3,0.728995031
ACH-001532,kidney,JMURTK2,1.03830483
ACH-001536,bile_duct,KKU100,0.975957718
ACH-001538,bile_duct,KKU213,1.113287098
ACH-001539,lymphocyte,KML1,1.652345603
ACH-001540,soft_tissue,KMLS1,1.142080093
ACH-001541,plasma_cell,KMS28PE,1.146792708
ACH-001542,upper_aerodigestive,KON,1.315924396
ACH-001543,upper_aerodigestive,KOSC2CL343,1.06163169
ACH-001544,esophagus,KYAE1,1.139140054
ACH-001548,peripheral_nervous_system,LS,0.995209015
ACH-001549,lung,LU135,3.0989637
ACH-001550,skin,MCC13,1.021400128
ACH-001551,skin,MCC142,1.088436077
ACH-001552,skin,MCC26,0.916598399
ACH-001554,eye,MEL202,1.888196553
ACH-001555,lung,MERO14,1.181811158
ACH-001556,lung,MERO25,1.083175236
ACH-001557,lung,MERO41,1.025412989
ACH-001558,lung,MERO48A,1.019168855
ACH-001559,lung,MERO82,1.551105483
ACH-001560,lung,MERO83,1.232959701
ACH-001561,lung,MERO84,1.142246121
ACH-001562,lung,MERO95,1.40908512
ACH-001563,skin,MM127,0.996521222
ACH-001566,skin,MM370,1.15993784
ACH-001567,skin,MM383,1.413813936
ACH-001568,skin,MM386,0.964168818
ACH-001569,skin,MM415,1.327426966
ACH-001570,skin,MM426,0.998310481
ACH-001573,blood,MOLM1,1.1221512
ACH-001577,blood,MUTZ8,1.268017637
ACH-001578,embryo,NCCIT,0.877015142
ACH-001591,lung,NCIH1417,1.049343594
ACH-001599,lung,NCIH64,1.148596406
ACH-001603,peripheral_nervous_system,NH12,0.984753898
ACH-001605,central_nervous_system,NO10,0.957870704
ACH-001606,central_nervous_system,NO11,0.991102135
ACH-001607,bile_duct,NOZ,1.811419241
ACH-001608,central_nervous_system,NP2,0.805359821
ACH-001609,central_nervous_system,NP3,1.032600938
ACH-001610,central_nervous_system,NP5,0.877434322
ACH-001611,central_nervous_system,NP8,0.772754398
ACH-001613,blood,OCIAML4,1.274530681
ACH-001616,lymphocyte,OCILY18,1.347694894
ACH-001617,lymphocyte,OCILY7,1.055228763
ACH-001618,blood,OCIM2,1.53304199
ACH-001619,bile_duct,OCUG1,1.44314472
ACH-001622,central_nervous_system,ONDA7,1.136514283
ACH-001623,central_nervous_system,ONDA8,1.017756444
ACH-001624,central_nervous_system,ONDA9,0.866418229
ACH-001625,upper_aerodigestive,OSC19,1.07220049
ACH-001626,upper_aerodigestive,OSC20,1.164632477
ACH-001627,prostate,P4E6,1.024430919
ACH-001628,ovary,PEA1,1.770700519
ACH-001630,ovary,PEO1,1.669634112
ACH-001632,ovary,PEO4,1.947800042
ACH-001634,blood,PGA1,1.030335372
ACH-001636,lymphocyte,RAMOS,1.023100025
ACH-001638,lymphocyte,RCK8,1.39354031
ACH-001639,blood,ROS50,0.86064106
ACH-001641,upper_aerodigestive,SAT,1.150293858
ACH-001642,lymphocyte,SCC3,1.488670787
ACH-001645,skin,SEKI,1.282750551
ACH-001647,blood,SHI1,1.089149638
ACH-001648,prostate,SHMAC4,1.021250741
ACH-001649,prostate,SHMAC5,1.063614484
ACH-001650,cervix,SISO,1.354106256
ACH-001651,uterus,SKGI,1.615253844
ACH-001652,uterus,SKGII,0.957641185
ACH-001653,gastric,SKGT2,5.2593867
ACH-001654,esophagus,SKGT4,1.399074273
ACH-001655,uterus,SKN,1.118441461
ACH-001656,blood,SKNO1,1.343877811
ACH-001664,gastric,SNU638,1.076467427
ACH-001668,embryo,SUSA,0.853654788
ACH-001670,peripheral_nervous_system,TASK1,4.212038752
ACH-001673,bile_duct,TFK1,1.073040076
ACH-001674,peripheral_nervous_system,TGW,0.967373006
ACH-001677,lymphocyte,U2904,1.075567543
ACH-001680,lymphocyte,U698M,0.974050684
ACH-001685,lymphocyte,UHO1,1.033499121
ACH-001687,kidney,UMRC3,0.904975953
ACH-001688,kidney,UMRC7,1.377657071
ACH-001690,upper_aerodigestive,UPCISCC026,1.17691505
ACH-001692,upper_aerodigestive,UPCISCC040,1.242760431
ACH-001694,upper_aerodigestive,UPCISCC074,1.549592888
ACH-001698,upper_aerodigestive,UPCISCC116,1.181430846
ACH-001699,upper_aerodigestive,UPCISCC131,1.170116626
ACH-001702,soft_tissue,VAESBJ,1.071556065
ACH-001703,lymphocyte,VAL,0.916247171
ACH-001704,skin,VMRCMELG,1.081593236
ACH-001709,lymphocyte,WSUNHL,0.987809444
ACH-001711,central_nervous_system,PFSK1,1.249580159
ACH-001715,bone,CAL72,1.729656306
ACH-001716,peripheral_nervous_system,GOTO,0.994381969
ACH-001719,ovary,OCIC4P,1.081913538
ACH-001735,blood,SEMK2,1.059039567
ACH-001736,blood,HB1119,1.360389562
ACH-001737,blood,HSB2,1.006926317
ACH-001738,blood,CCRFCEM,0.991165206
ACH-001740,soft_tissue,RH28,0.926654253
ACH-001745,soft_tissue,RHJT,0.877473979
ACH-001750,soft_tissue,TTC442,1.197233209
ACH-001751,soft_tissue,RH36,1.344806913
ACH-001765,soft_tissue,RH4,0.977702026
ACH-001767,fibroblast,CCLFPEDS0018T,1.030342435
ACH-001786,colorectal,SNU1544,1.042346663
ACH-001790,soft_tissue,RH18DM,2.372484121
ACH-001791,soft_tissue,LPS6,1.828928863
ACH-001793,soft_tissue,LPS27,1.20474234
ACH-001794,soft_tissue,93T449,1.047144682
ACH-001795,soft_tissue,94T778,0.967471682
ACH-001796,soft_tissue,95T1000,0.741835665
ACH-001799,soft_tissue,LPS141,1.751053607
ACH-001802,soft_tissue,LPS853,1.337392392
ACH-001804,soft_tissue,LPS510,1.159715073
ACH-001807,soft_tissue,LPS067,1.130688772
ACH-001814,bone,OS252,1.163302925
ACH-001818,bone,C396,1.033298946
ACH-001819,breast,MFM223,3.70390668
ACH-001820,breast,COLO824,1.539708234
ACH-001834,bile_duct,ICC10,0.968253136
ACH-001835,bile_duct,ICC106,1.078995048
ACH-001836,bile_duct,ICC108,0.868718131
ACH-001838,bile_duct,ICC12,2.654792046
ACH-001839,bile_duct,ICC137,1.744422049
ACH-001841,bile_duct,ICC15,1.704531165
ACH-001842,bile_duct,ICC2,1.982478538
ACH-001843,bile_duct,ICC3,1.057462056
ACH-001844,bile_duct,ICC4,1.221211927
ACH-001845,bile_duct,ICC5,0.932628006
ACH-001846,bile_duct,ICC6,1.051529609
ACH-001848,bile_duct,ICC8,0.9239907
ACH-001849,bile_duct,ICC9,2.164184493
ACH-001850,bile_duct,G415,1.239014861
ACH-001852,bile_duct,HKGZCC,1.20585165
ACH-001853,bile_duct,KMCH1,1.545050582
ACH-001856,bile_duct,RBE,1.301026262
ACH-001857,bile_duct,SG231,1.351460985
ACH-001858,bile_duct,SSP25,1.415052128
ACH-001861,bile_duct,TGBC1TKB,1.761863087
ACH-001862,bile_duct,TGBC52TKB,0.837334627
ACH-001863,bile_duct,TKKK,1.214984746
ACH-001864,bile_duct,YSCCC,1.092451719
ACH-001955,bone,JHC7,1.237145778
ACH-001956,bone,MUGCHOR1,1.054417167
ACH-001957,bone,UMCHOR1,1.152718204
ACH-001958,lung,MS1,3.653606945
ACH-001959,bile_duct,CCLP1,1.01949697
ACH-001960,bile_duct,CCSW1,1.213158125
ACH-001961,bile_duct,GB2,2.814966689
ACH-001991,ovary,NZOV9,0.982515254
ACH-001993,blood,NALM16,1.018820683
ACH-001997,bile_duct,ECC2,1.110140708
ACH-001999,pancreas,9505BIK,1.639444268
ACH-002001,skin,A375SKINCJ1,1.084968388
ACH-002002,skin,A375SKINCJ2,1.084598371
ACH-002003,skin,A375SKINCJ3,1.086107089
ACH-002004,skin,UACC62SKINCJ1,1.073567997
ACH-002005,skin,SKMEL19,0.949187076
ACH-002011,eye,MP46,1.865441567
ACH-002015,eye,MEL285,1.184224492
ACH-002016,eye,MEL290,1.029757472
ACH-002017,eye,OMM1,1.107881979
ACH-002018,eye,OMM25,1.235329604
ACH-002019,cervix,HOKUG,0.995836027
ACH-002020,cervix,SKGIIIA,0.981584031
ACH-002022,colorectal,PMFKO14,1.245255379
ACH-002023,colorectal,TGBC18TKB,1.062869339
ACH-002024,colorectal,ECC4,1.110941734
ACH-002025,colorectal,TT1TKB,1.227093293
ACH-002026,uterus,HHUA,1.01620399
ACH-002027,uterus,HOUAI,1.061922385
ACH-002029,upper_aerodigestive,SAS,1.688013861
ACH-002038,ovary,HSKTC,0.829718527
ACH-002039,pancreas,PK8,1.042170362
ACH-002040,skin,HMVII,1.00273924
ACH-002041,thyroid,HOTHC,1.5181585
ACH-002042,thyroid,T3M5,1.348984099
ACH-002043,upper_aerodigestive,CA922,1.305789626
ACH-002044,upper_aerodigestive,HSQ89,1.117436514
ACH-002045,upper_aerodigestive,HO1U1,1.543508108
ACH-002046,uterus,HTMMT,1.489975863
ACH-002051,lung,LU134A,1.170308387
ACH-002052,lung,LU139,2.019936711
ACH-002058,blood,ATN1,1.079933064
ACH-002059,blood,P30OHK,1.060989019
ACH-002062,lymphocyte,SLVL,1.156379571
ACH-002066,central_nervous_system,HSSCH2,0.787986384
ACH-002067,bone,NOS1,1.822137859
ACH-002069,bone,HSOS1,3.397952067
ACH-002077,lung,LU165,1.087544309
ACH-002083,peripheral_nervous_system,NB69,1.413864833
ACH-002089,lung,201T,1.57716776
ACH-002090,kidney,BB65RCC,0.913288877
ACH-002091,skin,CAL39,1.37928104
ACH-002092,bone,CHSA0011,0.986353627
ACH-002093,bone,CHSA0108,1.170155173
ACH-002094,bone,CHSA8926,1.393038315
ACH-002095,lung,CORL303,0.912515744
ACH-002096,skin,CP50MELB,1.248417036
ACH-002097,skin,CP66MEL,0.997676906
ACH-002098,skin,CP67MEL,1.565863757
ACH-002099,bone,CS1,1.292678107
ACH-002100,skin,DJM1,1.487187386
ACH-002101,lung,EMCBAC1,0.950414513
ACH-002102,lung,EMCBAC2,1.002562834
ACH-002103,bone,ES1,1.026086855
ACH-002104,bone,ES3,1.080050444
ACH-002105,bone,ES4,1.212705042
ACH-002106,bone,ES5,1.420967935
ACH-002107,bone,ES6,0.694364518
ACH-002108,bone,ES7,1.448975462
ACH-002109,bone,ES8,1.202119905
ACH-002110,bone,EW1,2.534564665
ACH-002111,bone,EW11,1.052873533
ACH-002112,bone,EW12,1.254234836
ACH-002113,bone,EW13,1.222748929
ACH-002114,bone,EW16,1.000437792
ACH-002115,bone,EW18,1.189545637
ACH-002116,bone,EW22,1.221975422
ACH-002117,bone,EW24,1.110891712
ACH-002118,bone,EW3,1.277957975
ACH-002119,bone,EW7,1.544925497
ACH-002120,skin,GAK,0.969835606
ACH-002121,skin,GMEL,1.105063193
ACH-002122,lung,GT3TKB,1.027413826
ACH-002123,lung,H2369,1.007088551
ACH-002124,lung,H2373,1.048536135
ACH-002125,lung,H2461,1.46342419
ACH-002126,lung,H2591,0.96208425
ACH-002127,lung,H2595,1.186529082
ACH-002128,lung,H2722,0.949084929
ACH-002129,lung,H2731,0.986963441
ACH-002130,lung,H2795,1.308223974
ACH-002131,lung,H2803,0.670649927
ACH-002132,lung,H2804,1.313170377
ACH-002133,lung,H2810,1.253059835
ACH-002134,lung,H2818,0.757871114
ACH-002135,lung,H2869,1.079101579
ACH-002136,lung,H290,1.111582904
ACH-002139,kidney,HA7RCC,1.23358624
ACH-002140,ovary,HEY,1.379431326
ACH-002141,gastric,HSC39,1.194065613
ACH-002142,bone,HUO3N1,1.764016572
ACH-002143,skin,ISTMEL1,1.087283596
ACH-002144,lung,ISTSL1,0.914699143
ACH-002145,lung,ISTSL2,1.798836471
ACH-002146,ovary,JHOS3,1.922588732
ACH-002147,skin,K2,1.059321356
ACH-002148,thyroid,K5,1.152345044
ACH-002149,ovary,KGN,1.001698495
ACH-002150,kidney,LB1047RCC,1.04888065
ACH-002151,kidney,LB2241RCC,0.956768752
ACH-002152,skin,LB2518MEL,0.950703631
ACH-002153,skin,LB373MELD,0.981475969
ACH-002154,lung,LB647SCLC,0.967819113
ACH-002155,kidney,LB996RCC,0.899807493
ACH-002156,lung,LC1SQ,1.129331161
ACH-002157,lung,LC2AD,2.971457105
ACH-002159,skin,M14,1.024074244
ACH-002160,bone,MCIXC,2.74015691
ACH-002161,gastric,MKN28,1.694074732
ACH-002162,skin,MMACSF,0.9700084
ACH-002163,breast,MRKNU1,1.279435042
ACH-002164,pancreas,MZ1PC,1.110422714
ACH-002165,skin,MZ2MEL,0.999911993
ACH-002166,skin,MZ7MEL,1.339005084
ACH-002167,kidney,NCC010,1.076084275
ACH-002168,kidney,NCC021,1.030802892
ACH-002169,lung,NCIH1304,4.004613747
ACH-002170,lung,NCIH1688,1.631558794
ACH-002171,lung,NCIH250,1.251045829
ACH-002173,lung,NCIH378,0.98669293
ACH-002174,lung,NCIH720,1.105409224
ACH-002175,lung,NCIH740,0.901512141
ACH-002176,lung,NCIH748,1.031583638
ACH-002177,lung,NCIH835,1.078878949
ACH-002178,bone,NY,1.38426426
ACH-002179,breast,OCUBM,1.58311852
ACH-002180,cervix,OMC1,0.994854697
ACH-002181,ovary,OVCA420,1.28320469
ACH-002182,ovary,OVCA433,0.999121781
ACH-002183,ovary,OVMIU,2.251967472
ACH-002184,lung,PC3JPC3,1.544513577
ACH-002185,pancreas,PL18,1.514196508
ACH-002186,pancreas,PL4,3.077104022
ACH-002187,kidney,RCCAB,1.002148736
ACH-002188,kidney,RCCER,0.961267778
ACH-002189,kidney,RCCFG2,0.986219923
ACH-002190,kidney,RCCJF,0.999176708
ACH-002191,kidney,RCCJW,0.879677775
ACH-002192,kidney,RCCMF,1.019183091
ACH-002193,lung,RERFLCFM,1.409976314
ACH-002194,bone,RH1,1.321644722
ACH-002195,kidney,RXF393,1.739172383
ACH-002196,lung,SBC1,1.009731266
ACH-002197,lung,SBC3,1.156398558
ACH-002198,gastric,SCH,1.084583405
ACH-002199,kidney,SN12C,1.111898672
ACH-002200,skin,SW962,1.323361422
ACH-002201,cervix,TCYIK,1.883209453
ACH-002202,gastric,TMK1,1.133822583
ACH-002204,bone,UCH2,0.98666075
ACH-002205,skin,WM1552C,1.251699099
ACH-002206,skin,WM278,1.074456113
ACH-002207,skin,WM35,1.053940561
ACH-002208,breast,YMB1E,1.138317105
ACH-002209,blood,ALLPO,0.978011143
ACH-002210,engineered,ARH77,1.289529962
ACH-002211,blood,BALL1,1.264965723
ACH-002212,upper_aerodigestive,BB30HNC,1.335526703
ACH-002213,upper_aerodigestive,BB49HNC,1.327072795
ACH-002214,lymphocyte,BC1,1.706751996
ACH-002215,lymphocyte,BC3,1.186494853
ACH-002216,blood,BE13,0.837351353
ACH-002217,peripheral_nervous_system,BE2M17,0.998991853
ACH-002218,blood,CESS,0.995483072
ACH-002220,lymphocyte,CROAP2,1.142310828
ACH-002221,lymphocyte,CTB1,0.89275316
ACH-002222,blood,CTV1,0.975057396
ACH-002223,central_nervous_system,D245MG,1.040452017
ACH-002224,central_nervous_system,D247MG,1.005044211
ACH-002225,central_nervous_system,D263MG,1.206129313
ACH-002226,central_nervous_system,D336MG,1.001323066
ACH-002227,central_nervous_system,D392MG,1.275800907
ACH-002228,central_nervous_system,D423MG,1.018584327
ACH-002229,central_nervous_system,D502MG,1.002754359
ACH-002230,central_nervous_system,D542MG,1.135389083
ACH-002231,central_nervous_system,D566MG,2.334411813
ACH-002232,lymphocyte,DG75,0.99043939
ACH-002233,colorectal,DIFI,1.353074821
ACH-002234,upper_aerodigestive,DOK,1.279987067
ACH-002235,urinary_tract,DSH1,1.08894144
ACH-002236,lymphocyte,EB3,1.007778204
ACH-002237,bile_duct,ETK1,1.250418945
ACH-002238,blood,GRST,0.961881249
ACH-002239,upper_aerodigestive,H3118,1.367508618
ACH-002240,lymphocyte,H9,1.129827676
ACH-002241,blood,HAL01,1.033998731
ACH-002242,blood,HC1,0.998374393
ACH-002243,esophagus,HCE4,1.451273897
ACH-002244,upper_aerodigestive,HO1N1,1.048451737
ACH-002245,lymphocyte,HS445,0.903643072
ACH-002246,soft_tissue,HS633T,0.954814582
ACH-002247,engineered,IM9,1.003860532
ACH-002248,peripheral_nervous_system,IMR5,0.995645585
ACH-002249,upper_aerodigestive,JHU011,1.391080297
ACH-002250,upper_aerodigestive,JHU022,1.144588747
ACH-002251,upper_aerodigestive,JHU029,1.302903323
ACH-002252,lymphocyte,JIYOYEP2003,1.000127673
ACH-002253,lymphocyte,JSC1,1.216673387
ACH-002254,lymphocyte,KARPAS1106P,1.250450478
ACH-002255,lymphocyte,KARPAS231,1.245313109
ACH-002256,blood,KARPAS45,1.026848207
ACH-002257,central_nervous_system,KINGS1,1.018941052
ACH-002258,blood,KMOE2,1.001586813
ACH-002259,central_nervous_system,KNS81FD,1.040445003
ACH-002260,upper_aerodigestive,KOSC2,0.981698587
ACH-002261,peripheral_nervous_system,KPNYS,1.128210902
ACH-002262,blood,KY821,3.799914131
ACH-002263,esophagus,KYSE220,1.512077172
ACH-002264,esophagus,KYSE50,1.227611708
ACH-002265,upper_aerodigestive,LB771HNC,0.97403247
ACH-002266,urinary_tract,LB831BLC,0.930835267
ACH-002267,blood,LC41,1.00089924
ACH-002268,central_nervous_system,LN405,1.174900443
ACH-002269,central_nervous_system,LNZTA3WT4,1.386998512
ACH-002270,engineered,MCCAR,0.976944703
ACH-002271,soft_tissue,MFHINO,0.994917967
ACH-002272,lymphocyte,MHHPREB1,0.995412807
ACH-002273,blood,ML2,0.901747754
ACH-002274,blood,MLMA,1.035793504
ACH-002275,blood,MN60,0.989613674
ACH-002276,blood,MYM12,0.999959965
ACH-002277,peripheral_nervous_system,NBTU110,0.978789722
ACH-002278,peripheral_nervous_system,NB10,1.150266559
ACH-002279,peripheral_nervous_system,NB12,5.739892376
ACH-002280,peripheral_nervous_system,NB13,0.931285628
ACH-002281,peripheral_nervous_system,NB14,0.991751734
ACH-002282,peripheral_nervous_system,NB17,0.951908748
ACH-002283,peripheral_nervous_system,NB5,0.98724933
ACH-002284,peripheral_nervous_system,NB6,0.992348901
ACH-002285,peripheral_nervous_system,NB7,1.173903913
ACH-002286,lung,NCIH128,1.263230359
ACH-002287,colorectal,NCIH630,1.0137338
ACH-002288,embryo,NEC8,0.930984117
ACH-002289,blood,NK92MI,1.037406823
ACH-002290,blood,NKM1,1.276908125
ACH-002291,embryo,NTERA2CLD1,0.745655126
ACH-002292,esophagus,OACP4C,1.327828753
ACH-002293,lymphocyte,P32ISH,0.991236766
ACH-002294,upper_aerodigestive,PCI15A,2.746424566
ACH-002295,upper_aerodigestive,PCI30,0.866392986
ACH-002296,upper_aerodigestive,PCI38,1.63630815
ACH-002297,upper_aerodigestive,PCI4B,1.193366786
ACH-002298,upper_aerodigestive,PCI6A,1.448696423
ACH-002299,blood,QIMRWIL,0.93913516
ACH-002300,lymphocyte,RAMOS2G64C10,0.971406557
ACH-002301,lymphocyte,RF48,0.947488871
ACH-002302,blood,RPMI8866,1.306242988
ACH-002304,central_nervous_system,SKMG1,0.895686668
ACH-002305,upper_aerodigestive,SKN3,1.000821381
ACH-002306,gastric,STS0421,1.12724961
ACH-002307,lymphocyte,SUDHL16,0.957938588
ACH-002308,blood,SUPB8,0.99076031
ACH-002309,soft_tissue,SW684,0.929682318
ACH-002310,soft_tissue,SW872,1.12984152
ACH-002311,esophagus,TE12,1.325868768
ACH-002312,bile_duct,TGBC24TKB,1.365413712
ACH-002313,lymphocyte,TK,1.218706164
ACH-002314,blood,TUR,1.245596666
ACH-002316,engineered,WIL2NS,0.979352398
ACH-002317,blood,YT,1.129801305
ACH-002335,bone,UCH1,1.130955903
ACH-002336,unknown,HCET,1.021773211
ACH-002337,lung,JHU028,0.892315868
ACH-002338,skin,M980513,1.132428124
ACH-002339,blood,MOT,0.998947892
ACH-002340,peripheral_nervous_system,NBSUSSR,1.072686879
ACH-002342,unknown,BB30PBL,1.000729819
ACH-002343,unknown,BB49EBV,1.001156578
ACH-002344,unknown,BB65EBV,0.998183153
ACH-002345,colorectal,CAR1,1.108262824
ACH-002346,unknown,CP50EBV,0.999368105
ACH-002347,unknown,CP66EBV,1.000238746
ACH-002348,unknown,DIPG007,2.367505264
ACH-002349,unknown,GBM001,5.322587977
ACH-002350,unknown,HA7EBV,0.998780046
ACH-002351,unknown,L542,0.998459823
ACH-002352,unknown,LB1047EBV,1.002202035
ACH-002353,unknown,LB2241EBV,1.000128394
ACH-002354,unknown,LB2518EBV,1.000721888
ACH-002355,unknown,LB373EBV,1.001191895
ACH-002356,unknown,LB647PBL,1.000941772
ACH-002357,unknown,LB771PBL,1.001619237
ACH-002358,unknown,LB831EBV,1.001155136
ACH-002359,unknown,LB996EBV,0.997543597
ACH-002360,unknown,MZ1B,1.00872782
ACH-002361,unknown,MZ7B,1.002501627
ACH-002362,unknown,NCIBL128,0.997844591
ACH-002363,unknown,NCIBL1395,4.140955302
ACH-002364,unknown,NCIBL1437,1.000419042
ACH-002365,unknown,NCIBL1770,1.005717597
ACH-002366,unknown,NCIBL2009,1.005328121
ACH-002367,unknown,NCIBL2052,0.99506795
ACH-002368,unknown,NCIBL2087,0.998219121
ACH-002369,unknown,NCIBL209,1.019185227
ACH-002370,unknown,NCIBL2122,0.996458385
ACH-002371,unknown,NCIBL2126,0.999187245
ACH-002372,unknown,NCIBL2171,0.997953962
ACH-002373,unknown,HCC1187BL,0.998531238
ACH-002374,unknown,HCC1599BL,1.001959292
ACH-002375,unknown,HCC1937BL,1.00418783
ACH-002376,unknown,LS1034PBL,0.999795988
ACH-002377,unknown,HCC38BL,1.000713957
ACH-002378,unknown,HCC1143BL,1.000438513
ACH-002379,unknown,J82EBV,0.995089881
ACH-002380,unknown,COLO829BL,0.99966807
ACH-002381,unknown,HCC2157BL,0.999534079
ACH-002382,unknown,HCC1395BL,1.003823841
ACH-002383,unknown,HCC2218BL,1.005315184
ACH-002384,unknown,HCC1954BL,1.000173834
ACH-002386,skin,M00921,1.131274704
ACH-002387,skin,M1203273,1.296494998
ACH-002388,skin,MET2B,0.864084932
ACH-002389,peripheral_nervous_system,ACN,1.312810365
ACH-002397,thyroid,KMHDASH2,0.848617533
ACH-002446,gastric,CCLFUPGI0005T,1.369220931
ACH-002458,skin,HT144SKINFV1,1.094019818
ACH-002459,skin,HT144SKINFV3,1.086954244
ACH-002460,skin,HT144SKINFV2,0.988099966
ACH-002461,skin,RVH421SKINFV1,1.253956601
ACH-002475,engineered_blood,HAP1,0.765070042
ACH-002508,skin,WM3211,1.246050518
ACH-002509,skin,WM4235,1.075906467
ACH-002510,skin,M040416,0.960984263
ACH-002511,skin,M140325,1.386815168
